,NoC,PoHFC,LD,FV,PoNFC,PoMFC,ID,Class
0,9,0.0,0.0,0.444444444444444,0.444444444444444,0.111111111111111,2,0
1,7,0.0,0.0,0.571428571428571,0.285714285714286,0.142857142857143,3,0
2,21,0.0,0.1666666666666666,0.19047619047619,0.428571428571429,0.380952380952381,4,0
3,20,0.0,1.0,0.3,0.6,0.1,5,0
4,34,2.664,0.0,0.176470588235294,0.647058823529412,0.176470588235294,6,1
5,23,1.027,0.625,0.391304347826087,0.608695652173913,0.0,7,1
6,30,3.926,0.05,0.5,0.433333333333333,0.0666666666666667,8,1
7,28,2.676,0.3846153846153846,0.428571428571429,0.321428571428571,0.25,9,0
8,22,3.472,0.631578947368421,0.545454545454545,0.318181818181818,0.136363636363636,10,0
9,26,4.296,0.0,0.0769230769230769,0.615384615384615,0.307692307692308,11,1
10,26,0.988,0.8333333333333334,0.153846153846154,0.615384615384615,0.230769230769231,12,1
11,22,2.986,0.0,0.272727272727273,0.454545454545455,0.272727272727273,13,0
12,32,3.172,0.0,0.09375,0.375,0.53125,14,1
13,24,2.006,0.4545454545454545,0.125,0.333333333333333,0.541666666666667,15,0
14,23,4.264,0.0,0.173913043478261,0.434782608695652,0.391304347826087,16,0
15,15,0.803,0.0,0.266666666666667,0.4,0.333333333333333,17,0
16,20,0.809,0.1538461538461538,0.1,0.65,0.25,18,1
17,34,0.0,0.6,0.0588235294117647,0.352941176470588,0.588235294117647,19,1
18,19,0.832,0.0,0.210526315789474,0.315789473684211,0.473684210526316,20,0
19,16,2.0,0.0,0.25,0.5,0.25,21,0
20,31,0.293,0.25,0.129032258064516,0.516129032258065,0.354838709677419,22,0
21,27,0.0,0.4444444444444444,0.0,0.481481481481481,0.518518518518518,23,0
22,14,0.05,0.0,0.142857142857143,0.5,0.357142857142857,24,0
23,15,0.006,0.0,0.133333333333333,0.666666666666667,0.2,25,0
24,23,0.0,0.2,0.0869565217391304,0.652173913043478,0.260869565217391,26,0
25,14,0.016,0.2857142857142857,0.214285714285714,0.428571428571429,0.357142857142857,27,0
26,31,2.306,0.0,0.129032258064516,0.387096774193548,0.483870967741935,28,1
27,40,0.032,0.3,0.075,0.35,0.575,29,1
28,31,3.89,0.0,0.161290322580645,0.548387096774194,0.290322580645161,30,1
29,37,3.361,0.0,0.108108108108108,0.405405405405405,0.486486486486487,31,0
30,32,3.8,0.0,0.1875,0.5625,0.25,32,1
31,31,5.406,0.0,0.161290322580645,0.548387096774194,0.290322580645161,33,1
32,29,5.198,0.4285714285714285,0.344827586206897,0.448275862068966,0.206896551724138,34,1
33,22,3.863,0.0,0.272727272727273,0.681818181818182,0.0454545454545455,35,1
34,16,4.252,0.6428571428571429,0.375,0.625,0.0,36,1
35,36,1.064,0.0,0.0555555555555556,0.694444444444444,0.25,37,1
36,28,0.008,0.5833333333333334,0.0357142857142857,0.5,0.464285714285714,38,1
37,30,4.935,0.0,0.2,0.6,0.2,39,1
38,38,3.842,0.0,0.105263157894737,0.657894736842105,0.236842105263158,40,1
39,48,2.712,0.3571428571428571,0.166666666666667,0.645833333333333,0.1875,41,1
40,38,3.712,0.0526315789473684,0.0,0.473684210526316,0.526315789473684,42,0
41,41,4.054,0.3,0.0,0.341463414634146,0.658536585365854,43,0
42,38,0.294,0.0,0.0263157894736842,0.447368421052632,0.526315789473684,44,0
43,32,2.73,0.0,0.09375,0.53125,0.375,45,1
44,26,2.999,0.0,0.115384615384615,0.730769230769231,0.153846153846154,46,1
45,14,1.971,0.2307692307692307,0.214285714285714,0.714285714285714,0.0714285714285714,47,0
46,43,2.112,0.0,0.13953488372093,0.674418604651163,0.186046511627907,48,1
47,38,0.0,0.125,0.105263157894737,0.789473684210526,0.105263157894737,49,0
48,34,1.64,0.1333333333333333,0.0588235294117647,0.735294117647059,0.205882352941176,50,1
49,31,1.72,0.1666666666666666,0.032258064516129,0.645161290322581,0.32258064516129,51,1
50,42,3.315,0.0,0.0,0.619047619047619,0.380952380952381,52,0
51,42,1.001,0.0,0.0714285714285714,0.69047619047619,0.238095238095238,53,1
52,41,1.994,0.0,0.146341463414634,0.731707317073171,0.121951219512195,54,1
53,37,1.661,0.0,0.378378378378378,0.567567567567568,0.0540540540540541,55,1
54,18,2.403,0.1875,0.388888888888889,0.555555555555556,0.0555555555555556,56,1
55,26,1.576,0.3846153846153846,0.192307692307692,0.692307692307692,0.115384615384615,57,1
56,12,0.0,0.25,0.25,0.583333333333333,0.166666666666667,58,0
57,23,2.973,0.2142857142857142,0.130434782608696,0.565217391304348,0.304347826086957,59,0
58,33,0.0,0.6666666666666666,0.0909090909090909,0.424242424242424,0.484848484848485,60,1
59,26,0.0,0.1111111111111111,0.307692307692308,0.461538461538462,0.230769230769231,61,0
60,41,1.681,0.0,0.024390243902439,0.463414634146341,0.51219512195122,62,0
61,36,2.004,0.4375,0.0,0.333333333333333,0.666666666666667,63,0
62,28,3.893,0.0,0.142857142857143,0.5,0.357142857142857,64,1
63,15,1.354,0.0,0.0666666666666667,0.6,0.333333333333333,65,0
64,18,0.0,0.25,0.0555555555555556,0.5,0.444444444444444,66,0
65,22,0.419,0.0,0.181818181818182,0.636363636363636,0.181818181818182,67,0
66,16,1.304,0.0,0.1875,0.75,0.0625,68,1
67,20,2.993,0.3076923076923077,0.15,0.8,0.05,69,1
68,18,1.684,0.0,0.111111111111111,0.833333333333333,0.0555555555555556,70,1
69,20,1.998,0.25,0.15,0.75,0.1,71,1
70,28,0.51,0.1428571428571428,0.0357142857142857,0.785714285714286,0.178571428571429,72,1
71,37,0.067,0.0,0.0540540540540541,0.648648648648649,0.297297297297297,73,1
72,26,1.091,0.0,0.192307692307692,0.538461538461538,0.269230769230769,74,1
73,20,1.995,0.0,0.05,0.55,0.4,75,0
74,30,0.007,0.5,0.0,0.3,0.7,76,1
75,25,0.969,0.0,0.04,0.24,0.72,77,1
76,13,1.892,0.0,0.0769230769230769,0.384615384615385,0.538461538461538,78,0
77,12,0.215,0.0,0.0,0.333333333333333,0.666666666666667,79,0
78,5,0.0,0.1666666666666666,0.0,0.4,0.6,80,0
79,11,1.0,0.0,0.0,0.272727272727273,0.727272727272727,81,0
80,22,0.0,0.0,0.0,0.227272727272727,0.772727272727273,82,0
81,11,1.105,0.0,0.0,0.454545454545455,0.545454545454545,83,0
82,25,0.998,0.0,0.08,0.48,0.44,84,0
83,21,0.001,0.0,0.0476190476190476,0.571428571428571,0.380952380952381,85,1
84,21,1.001,0.0,0.142857142857143,0.619047619047619,0.238095238095238,86,1
85,43,0.01,0.1111111111111111,0.0232558139534884,0.511627906976744,0.465116279069767,87,1
86,38,3.997,0.2222222222222222,0.0,0.210526315789474,0.789473684210526,88,0
87,48,3.353,0.0,0.0,0.291666666666667,0.708333333333333,89,0
88,32,4.872,0.0,0.03125,0.34375,0.625,90,0
89,41,5.758,0.0,0.195121951219512,0.536585365853659,0.268292682926829,91,1
90,36,2.013,0.0,0.166666666666667,0.583333333333333,0.25,92,1
91,36,3.227,0.3684210526315789,0.111111111111111,0.666666666666667,0.222222222222222,93,1
92,36,5.342,0.0555555555555555,0.0277777777777778,0.388888888888889,0.583333333333333,94,1
93,33,2.851,0.375,0.0303030303030303,0.484848484848485,0.484848484848485,95,0
94,42,5.229,0.0,0.0238095238095238,0.547619047619048,0.428571428571429,96,0
95,22,1.254,0.0,0.136363636363636,0.636363636363636,0.227272727272727,97,1
96,10,1.455,0.0,0.2,0.7,0.1,98,0
97,19,2.004,0.3333333333333333,0.157894736842105,0.526315789473684,0.315789473684211,99,0
98,16,0.0,0.25,0.25,0.625,0.125,100,0
99,23,0.0,0.0833333333333333,0.217391304347826,0.739130434782609,0.0434782608695652,101,1
100,21,0.0,0.5714285714285714,0.19047619047619,0.80952380952381,0.0,102,0
101,25,1.007,0.1111111111111111,0.08,0.68,0.24,103,1
102,51,0.0,0.2857142857142857,0.0588235294117647,0.529411764705882,0.411764705882353,104,1
103,42,0.0,0.1111111111111111,0.0238095238095238,0.595238095238095,0.380952380952381,105,1
104,25,0.005,0.05,0.04,0.6,0.36,106,1
105,40,1.998,0.0714285714285714,0.075,0.425,0.5,107,0
106,47,0.0,0.0769230769230769,0.0425531914893617,0.297872340425532,0.659574468085106,108,1
107,23,1.992,0.0,0.130434782608696,0.478260869565217,0.391304347826087,109,0
108,27,4.498,0.0,0.148148148148148,0.666666666666667,0.185185185185185,110,1
109,21,1.002,0.2,0.19047619047619,0.761904761904762,0.0476190476190476,111,1
110,23,2.889,0.0769230769230769,0.0,0.869565217391304,0.130434782608696,112,1
111,31,1.997,0.3333333333333333,0.0645161290322581,0.806451612903226,0.129032258064516,113,1
112,17,2.94,0.0,0.176470588235294,0.588235294117647,0.235294117647059,114,0
113,13,0.836,0.0666666666666666,0.307692307692308,0.615384615384615,0.0769230769230769,115,0
114,18,0.017,0.2222222222222222,0.388888888888889,0.555555555555556,0.0555555555555556,116,1
115,30,0.0,0.0,0.166666666666667,0.7,0.133333333333333,117,1
116,26,2.854,0.7222222222222222,0.153846153846154,0.692307692307692,0.153846153846154,118,1
117,10,1.997,0.1428571428571428,0.1,0.8,0.1,119,0
118,8,0.58,0.1666666666666666,0.125,0.75,0.125,120,0
119,7,0.0,0.125,0.0,0.857142857142857,0.142857142857143,121,0
120,3,0.0,0.3333333333333333,0.0,1.0,0.0,130,0
121,10,0.0,0.0,0.1,0.9,0.0,131,1
122,8,0.0,0.0,0.0,1.0,0.0,132,0
123,10,0.0,0.0,0.0,0.9,0.1,133,1
124,9,0.0,0.0,0.0,0.888888888888889,0.111111111111111,134,0
125,16,0.0,0.0,0.0,1.0,0.0,135,1
126,18,0.0,0.0,0.0555555555555556,0.888888888888889,0.0555555555555556,136,1
127,34,0.0,0.0,0.0294117647058824,0.735294117647059,0.235294117647059,137,1
128,34,0.0,0.0,0.0294117647058824,0.647058823529412,0.323529411764706,138,1
129,46,0.0,0.0,0.0652173913043478,0.41304347826087,0.521739130434783,139,0
130,33,0.0,0.0,0.181818181818182,0.545454545454545,0.272727272727273,140,1
131,28,0.0,0.3,0.107142857142857,0.392857142857143,0.5,141,0
132,22,0.0,0.0,0.272727272727273,0.409090909090909,0.318181818181818,142,0
133,27,0.926,0.0,0.222222222222222,0.481481481481481,0.296296296296296,143,1
134,40,0.017,0.0,0.075,0.325,0.6,144,0
135,28,1.003,0.0,0.142857142857143,0.464285714285714,0.392857142857143,145,1
136,29,0.998,0.1111111111111111,0.172413793103448,0.344827586206897,0.482758620689655,146,1
137,29,4.736,0.0,0.172413793103448,0.586206896551724,0.241379310344828,147,1
138,36,1.51,0.0625,0.0,0.5,0.5,148,1
139,31,3.434,0.0,0.0,0.645161290322581,0.354838709677419,149,0
140,35,2.51,0.1428571428571428,0.0,0.514285714285714,0.485714285714286,150,1
141,37,0.998,0.0,0.0,0.243243243243243,0.756756756756757,151,0
142,37,0.873,0.4166666666666667,0.0,0.243243243243243,0.756756756756757,152,0
143,30,2.985,0.0588235294117647,0.0333333333333333,0.5,0.466666666666667,153,1
144,43,2.487,0.0,0.0232558139534884,0.395348837209302,0.581395348837209,154,0
145,18,1.385,0.1538461538461538,0.0555555555555556,0.611111111111111,0.333333333333333,155,0
146,30,3.889,0.0,0.133333333333333,0.4,0.466666666666667,156,0
147,34,4.843,0.375,0.0882352941176471,0.294117647058824,0.617647058823529,157,0
148,20,4.535,0.0,0.2,0.45,0.35,158,0
149,11,3.257,0.0,0.363636363636364,0.272727272727273,0.363636363636364,159,0
150,18,2.226,0.0,0.388888888888889,0.277777777777778,0.333333333333333,160,0
151,15,5.286,0.0,0.4,0.333333333333333,0.266666666666667,161,0
152,22,1.708,0.0,0.272727272727273,0.545454545454545,0.181818181818182,162,0
153,27,2.963,0.1538461538461538,0.0740740740740741,0.444444444444444,0.481481481481481,163,1
154,12,5.056,0.0,0.166666666666667,0.5,0.333333333333333,164,0
155,20,1.0,0.125,0.0,0.25,0.75,165,0
156,26,0.0,0.0,0.0,0.384615384615385,0.615384615384615,166,0
157,34,1.997,0.0,0.0,0.617647058823529,0.382352941176471,167,1
158,21,0.575,0.3333333333333333,0.0,0.571428571428571,0.428571428571429,168,0
159,18,0.0,0.25,0.0,0.444444444444444,0.555555555555556,169,0
160,30,1.73,0.4,0.0,0.433333333333333,0.566666666666667,170,0
161,19,0.0,0.625,0.157894736842105,0.631578947368421,0.210526315789474,171,0
162,15,3.716,0.5,0.133333333333333,0.466666666666667,0.4,172,0
163,22,0.641,0.0,0.0454545454545455,0.454545454545455,0.5,173,0
164,30,0.997,0.3333333333333333,0.0333333333333333,0.2,0.766666666666667,174,0
165,18,1.994,0.0,0.166666666666667,0.222222222222222,0.611111111111111,175,0
166,18,2.868,0.0,0.166666666666667,0.5,0.333333333333333,176,0
167,25,4.758,0.0,0.04,0.32,0.64,177,0
168,27,0.944,0.0,0.111111111111111,0.222222222222222,0.666666666666667,178,0
169,17,0.0,0.0,0.176470588235294,0.411764705882353,0.411764705882353,179,0
170,30,1.94,0.0,0.0666666666666667,0.266666666666667,0.666666666666667,180,1
171,30,0.271,0.1666666666666666,0.0333333333333333,0.233333333333333,0.733333333333333,181,1
172,25,0.0,0.1428571428571428,0.2,0.4,0.4,182,0
173,17,1.0,0.0,0.235294117647059,0.294117647058824,0.470588235294118,183,0
174,20,3.165,0.0,0.1,0.35,0.55,184,0
175,22,0.997,0.375,0.0909090909090909,0.409090909090909,0.5,185,0
176,12,0.105,0.1,0.25,0.416666666666667,0.333333333333333,186,0
177,12,1.0,0.0,0.25,0.25,0.5,187,0
178,26,0.979,0.0,0.153846153846154,0.269230769230769,0.576923076923077,188,0
179,20,0.001,0.375,0.3,0.35,0.35,189,0
180,25,3.996,0.0,0.12,0.32,0.56,190,0
181,19,0.0,0.0,0.157894736842105,0.315789473684211,0.526315789473684,191,0
182,23,0.0,0.5,0.0869565217391304,0.391304347826087,0.521739130434783,192,0
183,28,0.0,0.0,0.178571428571429,0.642857142857143,0.178571428571429,193,0
184,17,2.103,0.1818181818181818,0.294117647058824,0.647058823529412,0.0588235294117647,194,1
185,21,0.85,0.0,0.285714285714286,0.714285714285714,0.0,195,1
186,12,0.0,0.4285714285714285,0.166666666666667,0.666666666666667,0.166666666666667,196,0
187,19,0.856,0.4285714285714285,0.210526315789474,0.368421052631579,0.421052631578947,197,0
188,29,2.943,0.0,0.0689655172413793,0.448275862068966,0.482758620689655,198,0
189,22,1.426,0.4615384615384615,0.181818181818182,0.545454545454545,0.272727272727273,199,0
190,27,1.0,0.0,0.148148148148148,0.444444444444444,0.407407407407407,200,1
191,24,1.072,0.3,0.166666666666667,0.416666666666667,0.416666666666667,201,1
192,18,3.99,0.0,0.277777777777778,0.388888888888889,0.333333333333333,202,1
193,29,2.755,0.0,0.206896551724138,0.413793103448276,0.379310344827586,203,1
194,40,1.978,0.4444444444444444,0.1,0.275,0.625,204,0
195,22,2.275,0.3333333333333333,0.136363636363636,0.5,0.363636363636364,205,0
196,17,0.97,0.1538461538461538,0.117647058823529,0.588235294117647,0.294117647058824,206,1
197,27,1.801,0.4,0.0,0.518518518518518,0.481481481481481,207,0
198,33,2.898,0.0,0.0303030303030303,0.606060606060606,0.363636363636364,208,1
199,23,1.03,0.0,0.304347826086957,0.565217391304348,0.130434782608696,209,0
200,17,0.0,0.4,0.176470588235294,0.705882352941177,0.117647058823529,210,0
201,26,0.299,0.0,0.192307692307692,0.692307692307692,0.115384615384615,211,1
202,41,0.0,0.0,0.24390243902439,0.634146341463415,0.121951219512195,212,0
203,31,0.0,0.4166666666666667,0.354838709677419,0.451612903225806,0.193548387096774,213,0
204,20,1.062,0.0,0.35,0.55,0.1,214,1
205,22,0.001,0.25,0.272727272727273,0.636363636363636,0.0909090909090909,215,1
206,24,0.0,0.25,0.333333333333333,0.583333333333333,0.0833333333333333,216,0
207,24,0.999,0.0,0.291666666666667,0.666666666666667,0.0416666666666667,217,1
208,38,1.0,0.0588235294117647,0.263157894736842,0.5,0.236842105263158,218,1
209,46,0.98,0.1538461538461538,0.173913043478261,0.391304347826087,0.434782608695652,219,0
210,38,0.0,0.1,0.0789473684210526,0.447368421052632,0.473684210526316,220,1
211,42,0.986,0.25,0.0238095238095238,0.285714285714286,0.69047619047619,221,0
212,36,1.424,0.0,0.0833333333333333,0.611111111111111,0.305555555555556,222,1
213,48,1.158,0.5714285714285714,0.0625,0.708333333333333,0.229166666666667,223,0
214,40,0.029,0.0,0.05,0.65,0.3,224,1
215,27,0.091,0.3,0.037037037037037,0.62962962962963,0.333333333333333,225,0
216,25,1.078,0.3571428571428571,0.04,0.56,0.4,226,0
217,25,0.995,0.0909090909090909,0.0,0.48,0.52,227,1
218,33,1.548,0.3333333333333333,0.0303030303030303,0.454545454545455,0.515151515151515,228,0
219,26,3.597,0.0,0.269230769230769,0.461538461538462,0.269230769230769,229,1
220,27,4.928,0.0,0.555555555555556,0.37037037037037,0.0740740740740741,230,1
221,23,4.041,0.0,0.608695652173913,0.304347826086957,0.0869565217391304,231,1
222,19,2.026,0.2105263157894736,0.473684210526316,0.473684210526316,0.0526315789473684,232,1
223,24,1.378,0.1578947368421052,0.375,0.625,0.0,233,1
224,24,5.343,0.2857142857142857,0.166666666666667,0.75,0.0833333333333333,234,1
225,36,2.006,0.0,0.138888888888889,0.694444444444444,0.166666666666667,235,1
226,41,1.833,0.0,0.0487804878048781,0.585365853658537,0.365853658536585,236,1
227,41,4.626,0.0,0.0,0.48780487804878,0.51219512195122,237,0
228,41,4.792,0.0,0.170731707317073,0.390243902439024,0.439024390243902,238,0
229,42,1.996,0.4615384615384615,0.119047619047619,0.428571428571429,0.452380952380952,239,0
230,34,3.188,0.4,0.294117647058824,0.558823529411765,0.147058823529412,240,1
231,33,3.307,0.4285714285714285,0.333333333333333,0.606060606060606,0.0606060606060606,241,1
232,18,0.971,0.5555555555555556,0.444444444444444,0.388888888888889,0.166666666666667,242,0
233,14,0.286,0.5454545454545454,0.428571428571429,0.428571428571429,0.142857142857143,243,0
234,19,1.77,0.2727272727272727,0.315789473684211,0.473684210526316,0.210526315789474,244,0
235,19,0.064,0.1764705882352941,0.157894736842105,0.421052631578947,0.421052631578947,245,0
236,27,3.016,0.0,0.148148148148148,0.62962962962963,0.222222222222222,246,1
237,38,4.892,0.0,0.0263157894736842,0.684210526315789,0.289473684210526,247,0
238,37,4.662,0.5333333333333333,0.0,0.486486486486487,0.513513513513513,248,0
239,57,4.15,0.0,0.0350877192982456,0.333333333333333,0.631578947368421,249,0
240,39,2.041,0.2777777777777778,0.153846153846154,0.538461538461538,0.307692307692308,250,1
241,35,3.372,0.5,0.171428571428571,0.514285714285714,0.314285714285714,251,1
242,34,1.002,0.4444444444444444,0.0588235294117647,0.470588235294118,0.470588235294118,252,0
243,29,1.597,0.3076923076923077,0.0,0.517241379310345,0.482758620689655,253,0
244,26,2.992,0.5555555555555556,0.0,0.423076923076923,0.576923076923077,254,0
245,35,2.033,0.0,0.0,0.657142857142857,0.342857142857143,255,1
246,23,1.996,0.3636363636363636,0.0,0.91304347826087,0.0869565217391304,256,1
247,12,5.859,0.0,0.0,1.0,0.0,257,0
248,7,2.874,0.0,0.0,1.0,0.0,258,0
249,7,5.561,0.0,0.0,1.0,0.0,259,0
250,13,4.0,0.2307692307692307,0.0,1.0,0.0,260,0
251,6,2.981,0.0666666666666666,0.0,1.0,0.0,261,0
252,22,3.324,0.0,0.0,0.818181818181818,0.181818181818182,262,0
253,20,5.226,0.0,0.0,0.9,0.1,263,1
254,27,0.0,0.0,0.0,0.62962962962963,0.37037037037037,264,0
255,46,0.0,0.0,0.0,0.391304347826087,0.608695652173913,265,0
256,43,0.0,0.0,0.0,0.418604651162791,0.581395348837209,266,1
257,47,0.0,0.0,0.0,0.51063829787234,0.48936170212766,267,0
258,48,0.0,0.0,0.0416666666666667,0.354166666666667,0.604166666666667,268,1
259,39,0.0,0.0,0.0769230769230769,0.512820512820513,0.41025641025641,269,0
260,43,0.0,0.0,0.0232558139534884,0.441860465116279,0.534883720930233,270,0
261,32,0.0,0.1111111111111111,0.0,0.53125,0.46875,271,1
262,31,0.096,0.0,0.0967741935483871,0.419354838709677,0.483870967741935,272,0
263,14,0.0,0.0,0.214285714285714,0.571428571428571,0.214285714285714,273,0
264,6,0.109,0.0,0.333333333333333,0.166666666666667,0.5,274,0
265,12,4.868,0.0,0.166666666666667,0.333333333333333,0.5,275,0
266,19,2.95,0.0,0.0526315789473684,0.263157894736842,0.684210526315789,276,0
267,15,4.711,0.0,0.0,0.4,0.6,277,0
268,22,3.303,0.0,0.0454545454545455,0.272727272727273,0.681818181818182,278,0
269,25,2.757,0.3571428571428571,0.08,0.6,0.32,279,1
270,44,3.893,0.0,0.0454545454545455,0.477272727272727,0.477272727272727,280,0
271,38,2.999,0.0,0.0263157894736842,0.631578947368421,0.342105263157895,281,1
272,32,1.003,0.0,0.1875,0.53125,0.28125,282,1
273,37,1.855,0.5,0.0810810810810811,0.486486486486487,0.432432432432432,283,0
274,34,0.0,0.0,0.176470588235294,0.5,0.323529411764706,284,0
275,27,0.0,0.1666666666666666,0.111111111111111,0.518518518518518,0.37037037037037,285,0
276,21,0.014,0.1,0.0952380952380952,0.619047619047619,0.285714285714286,286,0
277,27,0.0,0.0,0.0740740740740741,0.444444444444444,0.481481481481481,287,0
278,39,2.785,0.0,0.0512820512820513,0.41025641025641,0.538461538461538,288,0
279,20,0.838,0.2,0.05,0.65,0.3,289,1
280,15,3.874,0.0,0.0,0.733333333333333,0.266666666666667,290,0
281,25,2.932,0.0,0.0,0.4,0.6,291,0
282,31,2.326,0.5,0.0,0.580645161290323,0.419354838709677,292,0
283,19,3.526,0.0,0.0,0.789473684210526,0.210526315789474,293,0
284,24,0.522,0.4285714285714285,0.0416666666666667,0.625,0.333333333333333,294,0
285,40,1.068,0.0,0.025,0.6,0.375,295,1
286,31,0.02,0.0,0.0,0.709677419354839,0.290322580645161,296,1
287,19,0.002,0.0,0.0526315789473684,0.789473684210526,0.157894736842105,297,1
288,25,2.08,0.0,0.04,0.68,0.28,298,1
289,37,0.0,0.1111111111111111,0.0,0.783783783783784,0.216216216216216,299,0
290,25,0.0,0.1111111111111111,0.0,0.72,0.28,300,0
291,11,1.0,0.0,0.0,0.818181818181818,0.181818181818182,301,1
292,13,1.005,0.0,0.0,0.923076923076923,0.0769230769230769,302,0
293,10,0.0,0.0,0.0,0.6,0.4,303,0
294,10,1.0,0.0,0.0,0.7,0.3,304,0
295,20,2.193,0.0,0.0,0.75,0.25,305,1
296,6,0.0,0.0,0.0,0.833333333333333,0.166666666666667,306,0
297,2,0.0,0.1,0.0,0.5,0.5,315,0
298,6,0.008,0.0,0.0,0.833333333333333,0.166666666666667,316,0
299,8,0.0,0.0,0.0,0.625,0.375,317,0
300,19,0.0,0.0,0.0,0.736842105263158,0.263157894736842,318,0
301,18,0.0,0.0,0.0,0.722222222222222,0.277777777777778,319,0
302,28,0.0,0.0,0.0714285714285714,0.607142857142857,0.321428571428571,320,0
303,18,0.0,0.0,0.0555555555555556,0.777777777777778,0.166666666666667,321,1
304,23,0.0,0.0,0.0869565217391304,0.521739130434783,0.391304347826087,322,0
305,30,0.0,0.0,0.166666666666667,0.6,0.233333333333333,323,1
306,21,0.0,0.0,0.0476190476190476,0.523809523809524,0.428571428571429,324,1
307,27,0.0,0.0,0.0,0.333333333333333,0.666666666666667,325,0
308,28,0.0,0.0,0.0,0.464285714285714,0.535714285714286,326,0
309,39,0.0,0.0,0.0769230769230769,0.358974358974359,0.564102564102564,327,0
310,34,0.0,0.0,0.147058823529412,0.5,0.352941176470588,328,0
311,46,0.0,0.0,0.0434782608695652,0.434782608695652,0.521739130434783,329,0
312,46,0.0,0.0,0.195652173913043,0.543478260869565,0.260869565217391,330,0
313,46,0.0,0.0,0.217391304347826,0.521739130434783,0.260869565217391,331,0
314,40,0.0,0.0,0.2,0.55,0.25,332,0
315,27,0.0,0.0,0.222222222222222,0.592592592592593,0.185185185185185,333,0
316,21,0.0,0.0,0.0476190476190476,0.714285714285714,0.238095238095238,334,1
317,17,0.0,0.0,0.0588235294117647,0.823529411764706,0.117647058823529,335,1
318,6,0.096,0.0,0.0,0.833333333333333,0.166666666666667,336,0
319,6,0.007,0.0,0.0,0.833333333333333,0.166666666666667,337,0
320,16,2.646,0.1764705882352941,0.0,0.75,0.25,338,1
321,20,1.269,0.2222222222222222,0.1,0.65,0.25,339,1
322,29,1.025,0.0,0.0689655172413793,0.586206896551724,0.344827586206897,340,1
323,28,2.034,0.3636363636363636,0.107142857142857,0.607142857142857,0.285714285714286,341,1
324,22,2.438,0.0,0.136363636363636,0.681818181818182,0.181818181818182,342,1
325,46,2.348,0.0,0.195652173913043,0.58695652173913,0.217391304347826,343,1
326,40,3.548,0.0,0.15,0.575,0.275,344,1
327,37,4.336,0.0,0.0,0.378378378378378,0.621621621621622,345,0
328,22,4.737,0.2307692307692307,0.0,0.5,0.5,346,0
329,16,5.695,0.0,0.0625,0.375,0.5625,347,0
330,21,3.615,0.2352941176470588,0.0476190476190476,0.333333333333333,0.619047619047619,348,0
331,12,2.798,0.0,0.166666666666667,0.5,0.333333333333333,349,0
